<?xml version="1.0" encoding="utf-8"?>
<edmx:Edmx Version="3.0" xmlns:edmx="http://schemas.microsoft.com/ado/2009/11/edmx">
 <!-- EF Designer content (DO NOT EDIT MANUALLY BELOW HERE) -->
  <edmx:Designer xmlns="http://schemas.microsoft.com/ado/2009/11/edmx">
    <!-- Diagram content (shape and connector positions) -->
    <edmx:Diagrams>
      <Diagram DiagramId="de4773257fec46528e0ccb32aa418410" Name="Diagram1">
        <EntityTypeShape EntityType="messageboardModel.BlogPost" Width="1.5" PointX="5.25" PointY="1.25" />
        <EntityTypeShape EntityType="messageboardModel.UserRoll" Width="1.5" PointX="0.75" PointY="1.875" />
        <EntityTypeShape EntityType="messageboardModel.User" Width="1.5" PointX="3" PointY="1" />
        <AssociationConnector Association="messageboardModel.FK_BlogPost_Users" />
        <AssociationConnector Association="messageboardModel.FK_Users_UserRoll" />
        <EntityTypeShape EntityType="messageboardModel.ContactU" Width="1.5" PointX="0.75" PointY="5.75" />
      </Diagram>
    </edmx:Diagrams>
  </edmx:Designer>
</edmx:Edmx>